id,order_id,rate,created_at
1,2,5,2020-02-16 4:42:35
2,5,3,2020-03-31 23:56:48
3,7,5,2020-04-08 22:42:49
4,8,3,2020-04-15 20:22:54
5,9,5,2020-04-15 3:21:40
6,10,5,2020-04-29 10:49:57
7,11,1,2020-05-04 1:47:02
8,12,5,2020-05-26 18:35:21
9,14,5,2020-06-15 6:14:01
10,15,3,2020-06-19 22:17:11
11,16,4,2020-07-01 15:13:12
12,17,5,2020-07-02 21:30:07
13,18,5,2020-07-24 13:03:07
14,19,4,2020-07-26 18:44:58
15,21,1,2020-08-09 6:10:12
16,22,5,2020-08-12 12:54:12
17,23,5,2020-08-27 15:31:28
18,25,3,2020-09-23 1:55:26
19,26,2,2020-09-26 9:51:44
20,28,5,2020-10-29 0:48:18
21,29,5,2020-11-05 16:21:54